Province,Road No,Road Name,Reason,From (km),From Lat,From Lon,To (km),To Lat,To Lon,Google Maps Link,Data Source
Eastern (1),B-187,Kalmunai - Chavalakadai Road,Inundated,3.5,7.41628132763044,81.81125112818002,3.69,7.4159069207123,81.81293072743274,"https://www.google.com/maps/dir/7.416281,81.811251/7.415907,81.812931",OpenStreetMap (actual road)
Eastern (13),A-004,Colombo - Ratnapura - Wellawaya - Batticaloa,Inundated,422,6.8892399,81.6933511,424,6.8892399,81.6933511,"https://www.google.com/maps/dir/6.889240,81.693351/6.889240,81.693351",OpenStreetMap (actual road)
Eastern (13),A-015,Batticaloa - Thirukkondiyadimadu - Trincomalee,Inundated,5,7.873429905967795,81.54033281799308,8,7.899913206544723,81.53572444674928,"https://www.google.com/maps/dir/7.873430,81.540333/7.899913,81.535724",OSRM routing (may not follow exact road)
Eastern (13),A-015,Batticaloa - Thirukkondiyadimadu - Trincomalee,Inundated,19,7.971667227408371,81.51687336896723,21,7.9864259530667825,81.50725152879653,"https://www.google.com/maps/dir/7.971667,81.516873/7.986426,81.507252",OSRM routing (may not follow exact road)
Eastern (13),B-344,Pattirippu - Vellavali Road,Inundated,1.25,7.517138685935679,81.78463137692036,1.85,7.516493086926698,81.77923373760815,"https://www.google.com/maps/dir/7.517139,81.784631/7.516493,81.779234",OpenStreetMap (actual road)
Eastern (13),B-433,Umarana Road,Inundated,0,7.7078204,81.6727444,3.3,7.723098839157038,81.67642831072646,"https://www.google.com/maps/dir/7.707820,81.672744/7.723099,81.676428",OpenStreetMap (actual road)
Eastern (13),B-541,Thambalagamuwa - Kinniya Road,Inundated,5,8.47879231224236,81.12393980479804,6,8.472756522904696,81.1297371603254,"https://www.google.com/maps/dir/8.478792,81.123940/8.472757,81.129737",OSRM routing (may not follow exact road)
Eastern (13),B-333,Oddumavadi - Valachchenai Road,Inundated,1.8,7.914507578871575,81.45802666157508,5,7.912678428948477,81.48676773956126,"https://www.google.com/maps/dir/7.914508,81.458027/7.912678,81.486768",OpenStreetMap (actual road)
Central (25),A - 026,Kandy - Mahiyanganaya - Padiyathalawa Road,Landslide,29,7.278564115206363,80.7889528243124,54,7.329505349893146,80.9069908285237,"https://www.google.com/maps/dir/7.278564,80.788953/7.329505,80.906991",OSRM routing (may not follow exact road)
Central (25),A - 005,Peradeniya - Badulla - Chenkaladi Road,Landslide,14,7.279170231080494,80.67891057390771,76,7.352299724947288,80.95900641985256,"https://www.google.com/maps/dir/7.279170,80.678911/7.352300,80.959006",OSRM routing (may not follow exact road)
Central (25),B - 413,Tennekumbura - Rikillagaskada - Ragala Road,Landslide,25,7.192256537912204,80.73856362297718,59,7.146453007498326,80.80450924633442,"https://www.google.com/maps/dir/7.192257,80.738564/7.146453,80.804509",OpenStreetMap (actual road)
Central (25),B - 621,Atabage - Dunukeulla Road,Landslide,4,7.142252105800924,80.61692444628872,8,7.1343961,80.5978194,"https://www.google.com/maps/dir/7.142252,80.616924/7.134396,80.597819",OpenStreetMap (actual road)
Central (25),B - 364,Peradeniya - Deltota - Rikillagaskada Road,Landslide,5,7.236643635663033,80.60704578760844,15,7.225099919900054,80.63987887370787,"https://www.google.com/maps/dir/7.236644,80.607046/7.225100,80.639879",OpenStreetMap (actual road)
Central (25),B - 332,Nuwara Eliya - Ragala - Udapussellawa Road,Landslide,6,6.976929921658288,80.81381831807168,13,6.989655305675992,80.8758735438422,"https://www.google.com/maps/dir/6.976930,80.813818/6.989655,80.875874",OpenStreetMap (actual road)
Central (25),B - 274,Matale - Ilukkumbura - Laggala Road,Landslide,10,7.510771114460947,80.67207499528259,42,7.497886290019541,80.69831760851278,"https://www.google.com/maps/dir/7.510771,80.672075/7.497886,80.698318",OpenStreetMap (actual road)
Central (25),A - 026,Kandy - Mahiyanganaya - Padiyathalawa Road,Landslide,39,7.291539786698492,80.83527280503631,41,7.29679389706461,80.851223831636,"https://www.google.com/maps/dir/7.291540,80.835273/7.296794,80.851224",OSRM routing (may not follow exact road)
Central (25),B - 490,Atabage - Ulapane Road,Landslide,5,7.156964773551969,80.57730106793441,8,7.151435410024233,80.56574593514436,"https://www.google.com/maps/dir/7.156965,80.577301/7.151435,80.565746",OSRM routing (may not follow exact road)
Central (25),B - 369,Pitiyegedara - Wattegama - Iriyagastenna Road,Landslide,5,7.353974971955193,80.68149314131448,5.3,7.3540379,80.6821763,"https://www.google.com/maps/dir/7.353975,80.681493/7.354038,80.682176",OpenStreetMap (actual road)
Central (25),A - 005,Peradeniya - Badulla - Chenkaladi Road,Landslide,44,7.291581802961169,80.82843460039034,67,7.355995116321339,80.91718595500295,"https://www.google.com/maps/dir/7.291582,80.828435/7.355995,80.917186",OSRM routing (may not follow exact road)
Central (25),B - 364,Peradeniya - Deltota - Rikillagaskada Road,Landslide,22.5,7.178700926695645,80.68940540218584,52,7.176211791942404,80.69151233793679,"https://www.google.com/maps/dir/7.178701,80.689405/7.176212,80.691512",OpenStreetMap (actual road)
Central (25),B - 492,Kandehhandiya - Adhikarigama - Randenigala - Loggal Oya,Landslide,11,7.18566431552249,80.91963907718204,15,7.176691113958394,80.88455608049085,"https://www.google.com/maps/dir/7.185664,80.919639/7.176691,80.884556",OpenStreetMap (actual road)
Central (25),B - 346,Palapathwala - Galewela Road,Landslide,27,7.728808285816185,80.57549464933457,28,7.735118371331146,80.57534339230799,"https://www.google.com/maps/dir/7.728808,80.575495/7.735118,80.575343",OpenStreetMap (actual road)
Central (25),B - 346,Palapathwala - Galewela Road,Inundated,12.7,7.631537942092117,80.60512442024383,12.8,7.632416731375096,80.60491260824467,"https://www.google.com/maps/dir/7.631538,80.605124/7.632417,80.604913",OpenStreetMap (actual road)
Central (25),B - 461,Wattegama - Kandenuwara - Wariyapola Road,Landslide,7.5,7.368177668009215,80.68297885384914,10,7.363797289180836,80.67969298835436,"https://www.google.com/maps/dir/7.368178,80.682979/7.363797,80.679693",OpenStreetMap (actual road)
Central (25),AB - 013,Gampola - Nawalapitiya Road,Landslide,10,7.08595782452779,80.55367531132298,10,7.08595782452779,80.55367531132298,"https://www.google.com/maps/dir/7.085958,80.553675/7.085958,80.553675",OpenStreetMap (actual road)
Central (25),B - 154,Hindagala - Naranwita Road,Inundated,0,7.1618174,80.5735359,0,7.1618174,80.5735359,"https://www.google.com/maps/dir/7.161817,80.573536/7.161817,80.573536",OpenStreetMap (actual road)
Central (25),B 392,Rattota - Gammaduwa Road,Landslide,4,7.543838668630795,80.67384439044814,7,7.562541047003287,80.6817780074314,"https://www.google.com/maps/dir/7.543839,80.673844/7.562541,80.681778",OSRM routing (may not follow exact road)
Central (25),B 462,Wattegama - Matale Road,Massive Landslide,5,7.388249840183101,80.66327411694532,5,7.388249840183101,80.66327411694532,"https://www.google.com/maps/dir/7.388250,80.663274/7.388250,80.663274",OpenStreetMap (actual road)
Central (25),B 279,Mawanella - Hemmathagama Road,Landslide,21,7.2153004634716025,80.47901703468881,21,7.2153004634716025,80.47901703468881,"https://www.google.com/maps/dir/7.215300,80.479017/7.215300,80.479017",OpenStreetMap (actual road)
Central (25),B 007,Alawatugoda - Ankumbura Road,Landslide,5,7.423089773840242,80.58747753707935,5,7.423089773840242,80.58747753707935,"https://www.google.com/maps/dir/7.423090,80.587478/7.423090,80.587478",OpenStreetMap (actual road)
Central (25),AA 007,Avissawella - Hatton - Nuwara Eliya Road,Landslide,63,7.017413069326442,80.29692730430645,72,7.004493230643986,80.37734303486143,"https://www.google.com/maps/dir/7.017413,80.296927/7.004493,80.377343",OpenStreetMap (actual road)
Central (25),B 148,Harangala - Kalapitiya - Kumbuloluwa Road,Landslide,4,7.0474428853289615,80.64869406919662,8,7.04109331417523,80.63243240190484,"https://www.google.com/maps/dir/7.047443,80.648694/7.041093,80.632432",OpenStreetMap (actual road)
Central (25),AA 006,Ambepussa - Kurunegala - Trincomalee Road,Landslide,77.8,7.820617123692765,80.60647566413775,77.8,7.820617123692765,80.60647566413775,"https://www.google.com/maps/dir/7.820617,80.606476/7.820617,80.606476",OpenStreetMap (actual road)
Uva (14),A-004,Colombo - Ratnapura - Wellawaya - Batticaloa,Landslide,202,6.8892399,81.6933511,203,6.8892399,81.6933511,"https://www.google.com/maps/dir/6.889240,81.693351/6.889240,81.693351",OpenStreetMap (actual road)
Uva (14),B-507,Rendapola - Ambewela Road,Landslide,1,6.8939178839285065,80.823047250542,2,6.887633673566932,80.81869295891,"https://www.google.com/maps/dir/6.893918,80.823047/6.887634,80.818693",OpenStreetMap (actual road)
Uva (14),AA-005,Peradeniya - Badulla - Chenkaladi Road,Landslide,93,7.131312137299365,80.61332760038738,102,7.077726968047257,80.67464465314201,"https://www.google.com/maps/dir/7.131312,80.613328/7.077727,80.674645",OpenStreetMap (actual road)
Uva (14),AA-005,Peradeniya - Badulla - Chenkaladi Road,Landslide,132,7.255544143713813,80.58970977523822,160,7.3571673323746944,80.80374534260778,"https://www.google.com/maps/dir/7.255544,80.589710/7.357167,80.803745",OpenStreetMap (actual road)
Uva (14),B-043,Bandarawela - Uva Highland - Ettampitiya Road,Landslide,0,6.833334,80.9847026,16.5,6.9370897,80.9909664,"https://www.google.com/maps/dir/6.833334,80.984703/6.937090,80.990966",OpenStreetMap (actual road)
Uva (14),B-332,Nuwara Eliya - Udapussellawa Road,Landslide,44,7.00151024293308,80.82352560436436,45,7.006221017205083,80.83125050940731,"https://www.google.com/maps/dir/7.001510,80.823526/7.006221,80.831251",OpenStreetMap (actual road)
Uva (14),B-099,Demodara - Spring Valley - Badulla Road,Landslide,8,6.35588582559294,80.56612434708724,22,6.3665246,80.5918434,"https://www.google.com/maps/dir/6.355886,80.566124/6.366525,80.591843",OpenStreetMap (actual road)
Uva (14),B-508,Welimada - Boralanda - Ohiya - Horton Plains,Landslide,22,6.804141693654032,80.83190650762558,23,6.802866451212185,80.82295049205662,"https://www.google.com/maps/dir/6.804142,80.831907/6.802866,80.822950",OpenStreetMap (actual road)
Uva (14),B-100,Dickwella - Jangulla - Nalapitigala Road,Landslide,0,6.9608918,81.0231258,20,7.064339971274235,80.97685078466816,"https://www.google.com/maps/dir/6.960892,81.023126/7.064340,80.976851",OpenStreetMap (actual road)
Uva (14),B-360,Passara - Madolsima - Mavigahathenna Road,Landslide,0,6.9916205,81.1716138,30,6.976320233912601,81.15944314359865,"https://www.google.com/maps/dir/6.991620,81.171614/6.976320,81.159443",OpenStreetMap (actual road)
Uva (14),B-057,Bibile - Uraniya - Mahiyanganaya Road,Inundated,35.6,7.174266642115066,81.18307063168187,39,7.178880265845074,81.15541152448505,"https://www.google.com/maps/dir/7.174267,81.183071/7.178880,81.155412",OpenStreetMap (actual road)
Uva (14),B-036,Badulla - Karametiya - Adalappotha Road,Landslide,12,7.2109841012328255,81.01361299034654,17,7.168341248155033,81.02664007190792,"https://www.google.com/maps/dir/7.210984,81.013613/7.168341,81.026640",OpenStreetMap (actual road)
Uva (14),B-113,Ella - Passara Road,Landslide,20,6.887433680732318,81.08164283176697,26,6.902547255684841,81.1208432165033,"https://www.google.com/maps/dir/6.887434,81.081643/6.902547,81.120843",OpenStreetMap (actual road)
Uva (14),A-023,Wellawaya - Ella - Kumbalwela Road,Rock Falls,15,6.819830776716229,81.08318724725525,24,6.859639271780873,81.05587007673783,"https://www.google.com/maps/dir/6.819831,81.083187/6.859639,81.055870",OSRM routing (may not follow exact road)
North Central (9),A-11,Maradankadawala - Habarana - Thirukkondiyadimadu,Inundated,74,7.961041125436379,81.10389369111707,82,7.961758001187418,81.17645019170811,"https://www.google.com/maps/dir/7.961041,81.103894/7.961758,81.176450",OpenStreetMap (actual road)
North Central (9),B-488,Polonnaruwa - Nabola - Sungawila - Somawathi,Inundated,14,8.1089123,81.159482,37.7,8.1089123,81.159482,"https://www.google.com/maps/dir/8.108912,81.159482/8.108912,81.159482",OpenStreetMap (actual road)
North Central (9),B - 423,Thonigala - Kalawewa - Galewela Road,Inundated,0,8.0333644,80.5326218,0,8.0333644,80.5326218,"https://www.google.com/maps/dir/8.033364,80.532622/8.033364,80.532622",OpenStreetMap (actual road)
North Central (9),AA - 012,Puttalam - Trincomalee Road,Inundated,75.5,8.638067968147885,81.00955910117767,77,8.631857864610357,80.99744834887231,"https://www.google.com/maps/dir/8.638068,81.009559/8.631858,80.997448",OpenStreetMap (actual road)
North Central (9),AA - 012,Puttalam - Trincomalee Road,Inundated,0,8.3424054,80.4118033,0,8.3424054,80.4118033,"https://www.google.com/maps/dir/8.342405,80.411803/8.342405,80.411803",OpenStreetMap (actual road)
North Central (9),B-182,Kalawewa - Aukana Road,Inundated,3,8.005057567291832,80.52887115467622,4,7.998756364359562,80.53480241985179,"https://www.google.com/maps/dir/8.005058,80.528871/7.998756,80.534802",OpenStreetMap (actual road)
North Central (9),A-009,Kandy - Jaffna Road,Inundated,117,8.237707000982473,80.52284725622619,118,8.24648925402135,80.52087175396001,"https://www.google.com/maps/dir/8.237707,80.522847/8.246489,80.520872",OSRM routing (may not follow exact road)
North Central (9),B 556,Madatugama - Pubbogama - Andiyagala Road,Inundated,0,7.9442992,80.629244,0,7.9442992,80.629244,"https://www.google.com/maps/dir/7.944299,80.629244/7.944299,80.629244",OpenStreetMap (actual road)
Sabaragamuwa (28),A - 001,Colombo - Kandy Road,Landslide,96,7.25271811147725,80.50538745060115,99,7.259748779469862,80.52763304063262,"https://www.google.com/maps/dir/7.252718,80.505387/7.259749,80.527633",OSRM routing (may not follow exact road)
Sabaragamuwa (28),A - 001,Colombo - Kandy Road,Landslide,80,7.253661593293468,80.38153215711957,80,7.253661593293468,80.38153215711957,"https://www.google.com/maps/dir/7.253662,80.381532/7.253662,80.381532",OSRM routing (may not follow exact road)
Sabaragamuwa (28),A - 001,Colombo - Kandy Road,Landslide,0,6.938956,79.854198,0,6.938956,79.854198,"https://www.google.com/maps/dir/6.938956,79.854198/6.938956,79.854198",OSRM routing (may not follow exact road)
Sabaragamuwa (28),A - 001,Colombo - Kandy Road,Landslide,81,7.255448724964198,80.39038126967063,81,7.255448724964198,80.39038126967063,"https://www.google.com/maps/dir/7.255449,80.390381/7.255449,80.390381",OSRM routing (may not follow exact road)
Sabaragamuwa (28),AA 004,Colombo - Galle - Wellawaya - Batticaloa,Inundated,64,6.823427987863536,80.30901930013097,64,6.823427987863536,80.30901930013097,"https://www.google.com/maps/dir/6.823428,80.309019/6.823428,80.309019",OpenStreetMap (actual road)
Sabaragamuwa (28),B-279,Mawanella - Hemmathagama - Gampola Road,Landslide,17,7.195278635648074,80.4981221892005,21,7.2153004634716025,80.47901703468881,"https://www.google.com/maps/dir/7.195279,80.498122/7.215300,80.479017",OpenStreetMap (actual road)
Sabaragamuwa (28),B-603,Magammana - Kurupetta - Daigala - Gurugalla,Inundated,5.85,7.028427670334475,80.24030561470896,5.87,7.028247893250603,80.24028595649843,"https://www.google.com/maps/dir/7.028428,80.240306/7.028248,80.240286",OpenStreetMap (actual road)
Sabaragamuwa (28),B-603,Magammana - Kurupetta - Daigala - Gurugalla,Inundated,7.4,7.016684195114039,80.23535898103306,7.8,7.013530802048041,80.23358588431499,"https://www.google.com/maps/dir/7.016684,80.235359/7.013531,80.233586",OpenStreetMap (actual road)
Sabaragamuwa (28),B-603,Magammana - Kurupetta - Daigala - Gurugalla,Inundated,10.25,6.9949649711987965,80.22228636364537,10.4,6.9943504116526025,80.22123523282227,"https://www.google.com/maps/dir/6.994965,80.222286/6.994350,80.221235",OpenStreetMap (actual road)
Sabaragamuwa (28),B-603,Magammana - Kurupetta - Daigala - Gurugalla,Inundated,11.075,6.990467777239858,80.21752338349556,11.1,6.990604919457137,80.21770324289136,"https://www.google.com/maps/dir/6.990468,80.217523/6.990605,80.217703",OpenStreetMap (actual road)
Sabaragamuwa (28),A-007,Avissawella - Hatton - Nuwara Eliya Road,Landslide/Inundated,2,6.95862103362242,80.2251550147309,35,7.000060477432819,80.38707359514596,"https://www.google.com/maps/dir/6.958621,80.225155/7.000060,80.387074",OSRM routing (may not follow exact road)
Sabaragamuwa (28),B-408,Talduwa - Meewitigammana Road,Inundated,0,6.9585517,80.2218847,2,6.975673830409731,80.21826391952241,"https://www.google.com/maps/dir/6.958552,80.221885/6.975674,80.218264",OpenStreetMap (actual road)
Sabaragamuwa (28),A-021,Kegalle - Bulathkohupitiya - Karawanella,Landslide,7,7.093886444060652,80.27971505207995,10,7.071432147330406,80.26801856922023,"https://www.google.com/maps/dir/7.093886,80.279715/7.071432,80.268019",OSRM routing (may not follow exact road)
Sabaragamuwa (28),A-021,Kegalle - Bulathkohupitiya - Karawanella,Inundated,35,7.023657,80.261349,39,7.023657,80.261349,"https://www.google.com/maps/dir/7.023657,80.261349/7.023657,80.261349",OSRM routing (may not follow exact road)
Sabaragamuwa (28),B-358,Parusella - Panapitiya Road,Inundated,0,7.0418804,80.3130372,5,7.081586789962977,80.30239581003603,"https://www.google.com/maps/dir/7.041880,80.313037/7.081587,80.302396",OpenStreetMap (actual road)
Sabaragamuwa (28),B-136,Galilipitiya - Hettimulla Road,Landslide,5,7.175312922820972,80.3820101618252,5,7.175312922820972,80.3820101618252,"https://www.google.com/maps/dir/7.175313,80.382010/7.175313,80.382010",OpenStreetMap (actual road)
Sabaragamuwa (28),B-127,Galigamuwa - Ruwanwella Road,Inundated,0,7.0732629,80.2695329,0,7.0732629,80.2695329,"https://www.google.com/maps/dir/7.073263,80.269533/7.073263,80.269533",OpenStreetMap (actual road)
Sabaragamuwa (28),B-601,Kegalle - Siyambalapitiya - Dewalegama Road,Landslide/Inundated,2,7.2681796516393815,80.33456166744111,2,7.2681796516393815,80.33456166744111,"https://www.google.com/maps/dir/7.268180,80.334562/7.268180,80.334562",OpenStreetMap (actual road)
Sabaragamuwa (28),A-019,Polgahawela - Kegalle Road,Landslide,9,7.270804453057576,80.32795729149962,9,7.270804453057576,80.32795729149962,"https://www.google.com/maps/dir/7.270804,80.327957/7.270804,80.327957",OSRM routing (may not follow exact road)
Sabaragamuwa (28),B-600,Meepitiya - Ikiriyagala - Paragammana Road,Landslide/Inundated,3,7.242630708123858,80.36594846967662,3,7.242630708123858,80.36594846967662,"https://www.google.com/maps/dir/7.242631,80.365948/7.242631,80.365948",OpenStreetMap (actual road)
Sabaragamuwa (28),A-008,Panadura - Nambapana - Ratnapura Road,Inundated,66,6.692524771289623,80.3803711300596,67,6.686654820009496,80.38648912184055,"https://www.google.com/maps/dir/6.692525,80.380371/6.686655,80.386489",OSRM routing (may not follow exact road)
Sabaragamuwa (28),B-034,Ayagama - Kukulegama Road,Inundated,1,6.592662218729878,80.34587555552022,2,6.58563492566418,80.35031909700727,"https://www.google.com/maps/dir/6.592662,80.345876/6.585635,80.350319",OpenStreetMap (actual road)
Sabaragamuwa (28),B-391,Ratnapura - Wewalwatta Road,Inundated,10,6.714501100285217,80.5095976,11,6.711179802477163,80.5146321244005,"https://www.google.com/maps/dir/6.714501,80.509598/6.711180,80.514632",OpenStreetMap (actual road)
Sabaragamuwa (28),B - 181,Kalawana - Deepdene - Rakwana Road,Inundated,5,6.496470916761644,80.40454518256097,7,6.482639158524534,80.41619398624718,"https://www.google.com/maps/dir/6.496471,80.404545/6.482639,80.416194",OpenStreetMap (actual road)
Sabaragamuwa (28),B - 482,Yatiyanthota - Poonagala - Meenagala Road,Landslide,0,7.0712339,80.4260071,0,7.0712339,80.4260071,"https://www.google.com/maps/dir/7.071234,80.426007/7.071234,80.426007",OpenStreetMap (actual road)
Sabaragamuwa (28),B - 039,Balangoda - Rassagala Road,Landslide,0,6.7004142,80.6202856,0,6.7004142,80.6202856,"https://www.google.com/maps/dir/6.700414,80.620286/6.700414,80.620286",OpenStreetMap (actual road)
Sabaragamuwa (28),B - 222,Kiriella - Nedurana - Eheliyagoda Road,Inundated,12,6.83789555691399,80.25976162245584,13,6.84521710153898,80.26354154500507,"https://www.google.com/maps/dir/6.837896,80.259762/6.845217,80.263542",OpenStreetMap (actual road)
North Western,B - 009,Alawwa - Maharagama Road,Inundated,9,7.332852734921913,80.17857058078694,10,7.3377798310145135,80.17133696631218,"https://www.google.com/maps/dir/7.332853,80.178571/7.337780,80.171337",OpenStreetMap (actual road)
North Western,B - 009,Alawwa - Maharagama Road,Inundated,0.6,7.295883081098129,80.2359045459381,0.6,7.295883081098129,80.2359045459381,"https://www.google.com/maps/dir/7.295883,80.235905/7.295883,80.235905",OpenStreetMap (actual road)
North Western,B - 009,Alawwa - Maharagama Road (Alawwa Town),Inundated,0,7.294102,80.2406216,1,7.297183538756281,80.23259161816216,"https://www.google.com/maps/dir/7.294102,80.240622/7.297184,80.232592",OpenStreetMap (actual road)
North Western,B - 308,Narammala - Dankotuwa Road,Inundated,10.5,7.325628203256722,80.05003981408777,27.2,7.300429748274614,79.90091786555793,"https://www.google.com/maps/dir/7.325628,80.050040/7.300430,79.900918",OpenStreetMap (actual road)
North Western,B - 308,Narammala - Dankotuwa Road,Inundated,0,7.3300122,80.1226537,0,7.3300122,80.1226537,"https://www.google.com/maps/dir/7.330012,80.122654/7.330012,80.122654",OpenStreetMap (actual road)
North Western,B - 190,Kalugamuwa - Weerakatapotha Road,Inundated,0,7.6196274,80.2462285,0,7.6196274,80.2462285,"https://www.google.com/maps/dir/7.619627,80.246229/7.619627,80.246229",OpenStreetMap (actual road)
North Western,B - 166,Kadahapola - Rambawewa Road,Inundated,0,7.53362,80.1875737,0,7.53362,80.1875737,"https://www.google.com/maps/dir/7.533620,80.187574/7.533620,80.187574",OpenStreetMap (actual road)
North Western,B - 247,Kurunegala - Narammala - Madampe Road,Inundated,0,7.4344565,80.2173856,0,7.4344565,80.2173856,"https://www.google.com/maps/dir/7.434456,80.217386/7.434456,80.217386",OpenStreetMap (actual road)
North Western,B - 247,Kurunegala - Narammala - Madampe Road (Kuliyapitiya),Inundated,38,7.459221515911461,80.18556140816025,40,7.461976640482228,80.20346894394184,"https://www.google.com/maps/dir/7.459222,80.185561/7.461977,80.203469",OpenStreetMap (actual road)
North Western,B - 264,Mallawapitiya - Rambadagalla - Keppetigala,Inundated,0,7.5445902,80.4871901,0,7.5445902,80.4871901,"https://www.google.com/maps/dir/7.544590,80.487190/7.544590,80.487190",OpenStreetMap (actual road)
North Western,B - 264,Mallawapitiya - Rambadagalla - Keppetigala,Inundated,0,7.5445902,80.4871901,0,7.5445902,80.4871901,"https://www.google.com/maps/dir/7.544590,80.487190/7.544590,80.487190",OpenStreetMap (actual road)
North Western,B - 264,Mallawapitiya - Rambadagalla - Keppetigala,Landslide,32,7.464302532079303,80.4971855286058,0,7.5445902,80.4871901,"https://www.google.com/maps/dir/7.464303,80.497186/7.544590,80.487190",OpenStreetMap (actual road)
North Western,B - 264,Mallawapitiya - Rambadagalla - Keppetigala,Landslide,34,7.474153192460452,80.48199041721925,0,7.5445902,80.4871901,"https://www.google.com/maps/dir/7.474153,80.481990/7.544590,80.487190",OpenStreetMap (actual road)
North Western,AA - 006,Ambepussa - Kurunegala - Trincomalee Road,Inundated,0,7.2420782,80.2116265,0,7.2420782,80.2116265,"https://www.google.com/maps/dir/7.242078,80.211626/7.242078,80.211626",OpenStreetMap (actual road)
North Western,AA - 006,Ambepussa - Kurunegala - Trincomalee Road,Inundated,0,7.2420782,80.2116265,0,7.2420782,80.2116265,"https://www.google.com/maps/dir/7.242078,80.211626/7.242078,80.211626",OpenStreetMap (actual road)
North Western,AA - 010,Katugastota - Kurunegala - Puttalam Road,Inundated,0,8.0259119,79.8471876,0,8.0259119,79.8471876,"https://www.google.com/maps/dir/8.025912,79.847188/8.025912,79.847188",OpenStreetMap (actual road)
North Western,AA - 010,Katugastota - Kurunegala - Puttalam Road,Inundated,73.5,7.566471847738635,80.32009298536967,75,7.5573818797499195,80.33017997768405,"https://www.google.com/maps/dir/7.566472,80.320093/7.557382,80.330180",OpenStreetMap (actual road)
North Western,AA - 010,Katugastota - Kurunegala - Puttalam Road,Inundated,19,7.9132498249946925,79.97412767064513,0,8.0259119,79.8471876,"https://www.google.com/maps/dir/7.913250,79.974128/8.025912,79.847188",OpenStreetMap (actual road)
North Western,AA - 010,Katugastota - Kurunegala - Puttalam Road,Tree Fallen,0,8.0259119,79.8471876,0,8.0259119,79.8471876,"https://www.google.com/maps/dir/8.025912,79.847188/8.025912,79.847188",OpenStreetMap (actual road)
North Western,AA - 010,Katugastota - Kurunegala - Puttalam Road,Inundated,107,7.406294915670331,80.49346508367873,0,8.0259119,79.8471876,"https://www.google.com/maps/dir/7.406295,80.493465/8.025912,79.847188",OpenStreetMap (actual road)
North Western,B - 244,Kuliyapitiya - Padiwela Road,Inundated,8.9,7.522151956774072,79.99369141342642,0,7.470142,80.044041,"https://www.google.com/maps/dir/7.522152,79.993691/7.470142,80.044041",OSRM routing (may not follow exact road)
North Western,B - 159,Ibbagamuwa - Kumbukgate - Madagalla Road,Tree Fallen,6,7.637206399372144,80.4341135364651,9,7.610302014209282,80.43352203367188,"https://www.google.com/maps/dir/7.637206,80.434114/7.610302,80.433522",OpenStreetMap (actual road)
North Western,AA - 003,Peliyagoda - Puttalam Road,Tree Fallen,60,7.241815451308919,79.8674614469207,0,6.9609214,79.8808528,"https://www.google.com/maps/dir/7.241815,79.867461/6.960921,79.880853",OpenStreetMap (actual road)
North Western,AA - 003,Peliyagoda - Puttalam Road,Tree Fallen,122,7.208593607508351,79.84977741103494,0,6.9609214,79.8808528,"https://www.google.com/maps/dir/7.208594,79.849777/6.960921,79.880853",OpenStreetMap (actual road)
North Western,AA - 012,Puttalam - Trincomalee Road,Inundated,36,8.485295234252202,80.70001716709079,0,8.3424054,80.4118033,"https://www.google.com/maps/dir/8.485295,80.700017/8.342405,80.411803",OpenStreetMap (actual road)
North Western,B - 379,Puttalam - Marichchikade Road,Inundated,9,8.168165108270566,79.86170484917217,0,8.0914444,79.8491607,"https://www.google.com/maps/dir/8.168165,79.861705/8.091444,79.849161",OpenStreetMap (actual road)
North Western (42),A - 28,Padeniya - Anuradhapura Road,Inundated,0,7.854441,80.653971,0,7.854441,80.653971,"https://www.google.com/maps/dir/7.854441,80.653971/7.854441,80.653971",OSRM routing (may not follow exact road)
North Western (42),A - 28,Padeniya - Anuradhapura Road,Inundated,0,7.854441,80.653971,0,7.854441,80.653971,"https://www.google.com/maps/dir/7.854441,80.653971/7.854441,80.653971",OSRM routing (may not follow exact road)
North Western (42),A - 28,Padeniya - Anuradhapura Road,Inundated,0,7.854441,80.653971,0,7.854441,80.653971,"https://www.google.com/maps/dir/7.854441,80.653971/7.854441,80.653971",OSRM routing (may not follow exact road)
North Western (42),B- 609,Hiripitiya - Galtenwewa Road,Inundated,0,7.66399,80.3704103,0,7.66399,80.3704103,"https://www.google.com/maps/dir/7.663990,80.370410/7.663990,80.370410",OpenStreetMap (actual road)
North Western (42),B- 300,Munnettugala - Hiripitiya Road,Inundated,10,7.582346726522254,80.36615407179393,0,7.4948903,80.3782057,"https://www.google.com/maps/dir/7.582347,80.366154/7.494890,80.378206",OpenStreetMap (actual road)
North Western (42),B- 300,Munnettugala - Hiripitiya Road,Inundated,0,7.4948903,80.3782057,0,7.4948903,80.3782057,"https://www.google.com/maps/dir/7.494890,80.378206/7.494890,80.378206",OpenStreetMap (actual road)
North Western (42),B- 300,Munnettugala - Hiripitiya Road,Inundated,14,7.617397166677488,80.36991516652905,15,7.626260495778865,80.37155256511244,"https://www.google.com/maps/dir/7.617397,80.369915/7.626260,80.371553",OpenStreetMap (actual road)
North Western (42),B 126,Galgamuwa - Nikawewa Road,Inundated,0,8.001656,80.2832357,0,8.001656,80.2832357,"https://www.google.com/maps/dir/8.001656,80.283236/8.001656,80.283236",OpenStreetMap (actual road)
North Western (42),B 126,Galgamuwa - Nikawewa Road,Inundated,13.3,7.924548410272105,80.35678726722102,14,7.919795991890686,80.36095587237747,"https://www.google.com/maps/dir/7.924548,80.356787/7.919796,80.360956",OpenStreetMap (actual road)
North Western (42),B - 079,Chilaw - Wariyapola Road,Inundated,36,7.605930779804861,80.12285268986727,0,7.6198015,80.2457349,"https://www.google.com/maps/dir/7.605931,80.122853/7.619802,80.245735",OpenStreetMap (actual road)
North Western (42),B 282,Mawathagama - Muwankanda Road,Inundated,1,8.540244286597702,80.73499954576961,0,8.5396634,80.7438171,"https://www.google.com/maps/dir/8.540244,80.735000/8.539663,80.743817",OpenStreetMap (actual road)
North Western (42),B 409,Thalgodapitiya - Yatawatta Road,Inundated,12,7.560995294325868,80.53695677430552,0,7.5487991,80.6218063,"https://www.google.com/maps/dir/7.560995,80.536957/7.548799,80.621806",OpenStreetMap (actual road)
North Western (42),B -280,Mawathagama - Barandana Road,Inundated,0,7.49781,80.4381481,0,7.49781,80.4381481,"https://www.google.com/maps/dir/7.497810,80.438148/7.497810,80.438148",OpenStreetMap (actual road)
North Western (42),B 478,Wilakatupotha - Ganewatta - Kumbukgate Road,Inundated,18,7.619290777712467,80.28108295212195,0,7.6760011,80.4250019,"https://www.google.com/maps/dir/7.619291,80.281083/7.676001,80.425002",OpenStreetMap (actual road)
North Western (42),B 045,Bangadeniya - Andagama - Anamaduwa Road,Inundated,18,7.710708992163043,79.92337204070773,0,7.6253757,79.8392844,"https://www.google.com/maps/dir/7.710709,79.923372/7.625376,79.839284",OpenStreetMap (actual road)
Northern (20),B - 030,Access Road to Public Building,Inundated,0,6.786844,79.993639,0.5,6.78385379146044,79.99161456288144,"https://www.google.com/maps/dir/6.786844,79.993639/6.783854,79.991615",OSRM routing (may not follow exact road)
Northern (20),A - 017,Jaffna - Manipay - Karainagar,Inundated,19,9.740369,79.884164,20,9.740369,79.884164,"https://www.google.com/maps/dir/9.740369,79.884164/9.740369,79.884164",OSRM routing (may not follow exact road)
Northern (20),AB-039,Valukkaiaru - Punkudutivu - Kurikadduwan,Inundated,22,9.642810815944571,79.87689748121505,24.5,9.65617777035673,79.89526541908504,"https://www.google.com/maps/dir/9.642811,79.876897/9.656178,79.895265",OpenStreetMap (actual road)
Northern (20),B-075,Chavakachcheri - Puloly Road,Inundated,5,9.69989991828656,80.16883927016191,7.5,9.718440879358974,80.1753850657461,"https://www.google.com/maps/dir/9.699900,80.168839/9.718441,80.175385",OpenStreetMap (actual road)
Northern (20),B-197,Karainagar Circular Road,Inundated,0,9.7396889,79.8898229,0.75,9.74218239272094,79.88356666493452,"https://www.google.com/maps/dir/9.739689,79.889823/9.742182,79.883567",OpenStreetMap (actual road)
Northern (20),A-014,Medawachchiya - Mannar - Talaimannar Road,Inundated,47,8.771809120941342,80.1524462108477,51,8.792627830486746,80.12334817660283,"https://www.google.com/maps/dir/8.771809,80.152446/8.792628,80.123348",OSRM routing (may not follow exact road)
Northern (20),A-014,Medawachchiya - Mannar - Talaimannar Road,Inundated,24,8.649934002140412,80.31516243664744,26,8.666544998152888,80.30934870862549,"https://www.google.com/maps/dir/8.649934,80.315162/8.666545,80.309349",OSRM routing (may not follow exact road)
Northern (20),A-014,Medawachchiya - Mannar - Talaimannar Road,Inundated,43.2,8.751865624834517,80.1805644735953,44,8.756095686278762,80.17466702140688,"https://www.google.com/maps/dir/8.751866,80.180564/8.756096,80.174667",OSRM routing (may not follow exact road)
Northern (20),A - 009,Kandy - Jaffna Road,Inundated,168.32,8.67617923489284,80.47876500396936,168.75,8.679993826839794,80.4795180073593,"https://www.google.com/maps/dir/8.676179,80.478765/8.679994,80.479518",OSRM routing (may not follow exact road)
Northern (20),A - 009,Kandy - Jaffna Road,Inundated,182.3,8.79274693825676,80.4875426541751,182.5,8.794476332565266,80.48807365227299,"https://www.google.com/maps/dir/8.792747,80.487543/8.794476,80.488074",OSRM routing (may not follow exact road)
Northern (20),A - 009,Kandy - Jaffna Road,Inundated,184.0,8.807651556971175,80.49120803046522,184.5,8.812110250393914,80.49178384101424,"https://www.google.com/maps/dir/8.807652,80.491208/8.812110,80.491784",OSRM routing (may not follow exact road)
Northern (20),A - 009,Kandy - Jaffna Road,Inundated,190.5,8.864991894433283,80.50206192873225,190.6,8.865874453164146,80.50225904084797,"https://www.google.com/maps/dir/8.864992,80.502062/8.865874,80.502259",OSRM routing (may not follow exact road)
Northern (20),A - 009,Kandy - Jaffna Road,Inundated,227,9.158562746905089,80.43206846008246,228,9.16662834657825,80.42795697830657,"https://www.google.com/maps/dir/9.158563,80.432068/9.166628,80.427957",OSRM routing (may not follow exact road)
Northern (20),A - 009,Kandy - Jaffna Road,Inundated,223.3,9.128636502470663,80.44711154454436,224,9.134298963789053,80.444267008617,"https://www.google.com/maps/dir/9.128637,80.447112/9.134299,80.444267",OSRM routing (may not follow exact road)
Northern (20),B - 325,Nelukkulama - Neriyakulama Road,Inundated,11,8.685347244083005,80.41328245075809,11.15,8.684030997036155,80.41295388298778,"https://www.google.com/maps/dir/8.685347,80.413282/8.684031,80.412954",OpenStreetMap (actual road)
Northern (20),B - 269,Mankulam - Vellavkulam Road,Inundated,0.4,9.188551656209455,80.13017969460829,1,9.188937838223314,80.134908511294,"https://www.google.com/maps/dir/9.188552,80.130180/9.188938,80.134909",OpenStreetMap (actual road)
Northern (20),A - 034,Mankulam - Mullaitivu Road,Inundated,3,9.141724985660623,80.46701691656213,4,9.145536523402248,80.47524812282563,"https://www.google.com/maps/dir/9.141725,80.467017/9.145537,80.475248",OSRM routing (may not follow exact road)
Northern (20),B - 378,Pulliyarikkama - Madhu Road,Inundated,6,8.818388347775873,80.1779560422836,6.1,8.81924403436238,80.1782496631224,"https://www.google.com/maps/dir/8.818388,80.177956/8.819244,80.178250",OpenStreetMap (actual road)
Northern (20),A - 035,Paranthan - Karachchi - Mullaitivu Road,Inundated,50.15,9.29057614646753,80.80015250572174,50.5,9.288185557455833,80.80220599557578,"https://www.google.com/maps/dir/9.290576,80.800153/9.288186,80.802206",OSRM routing (may not follow exact road)
Western,A-033,Ja-Ela - Ekala - Gampaha - Yakkala (Parts),Inundated,2.5,7.092402178923764,79.90274701964209,10,7.092057038101598,79.96019250662684,"https://www.google.com/maps/dir/7.092402,79.902747/7.092057,79.960193",OSRM routing (may not follow exact road)
Western,A-033,Ja-Ela - Ekala - Gampaha - Yakkala (Parts),Inundated,12,7.094125856336562,79.97773047943713,13,7.093231689807783,79.98673141211438,"https://www.google.com/maps/dir/7.094126,79.977730/7.093232,79.986731",OSRM routing (may not follow exact road)
Western,A 033,Negombo - Kadirana Road,Inundated,1,7.207159515343405,79.84045065218481,2,7.205787521823518,79.84939630738869,"https://www.google.com/maps/dir/7.207160,79.840451/7.205788,79.849396",OSRM routing (may not follow exact road)
Western,AA 003,Peliyagoda - Puttalam Road,Inundated,35,7.01724597413173,79.89338502736295,36.5,7.030720142762361,79.89182961253641,"https://www.google.com/maps/dir/7.017246,79.893385/7.030720,79.891830",OpenStreetMap (actual road)
Western,AA 003,Peliyagoda - Puttalam Road,Flood level reached bridge deck. Cracks on surface.,19.9,7.023212393242012,79.89970664815986,19.9,7.023212393242012,79.89970664815986,"https://www.google.com/maps/dir/7.023212,79.899707/7.023212,79.899707",OpenStreetMap (actual road)
Western,B-382,Ragama - Kadana Road,Inundated,1,7.028253588435204,79.92155013396987,3.5,7.020862592039169,79.90252392775271,"https://www.google.com/maps/dir/7.028254,79.921550/7.020863,79.902524",OSRM routing (may not follow exact road)
Western,B-208,Katunayake - Veyangoda Road,Inundated,3,7.175072236565477,79.92401339256323,6,7.187009412680922,79.90024099096902,"https://www.google.com/maps/dir/7.175072,79.924013/7.187009,79.900241",OpenStreetMap (actual road)
Western,B-468,Welihena - Katana Road,Inundated,0,7.25372,79.8549272,5,7.2482317273709,79.89903152656731,"https://www.google.com/maps/dir/7.253720,79.854927/7.248232,79.899032",OpenStreetMap (actual road)
Western,B-400,Seeduwa - Udugampola Road,Inundated,1,7.123943252710533,79.9727610838369,2,7.12246205155264,79.96387576131175,"https://www.google.com/maps/dir/7.123943,79.972761/7.122462,79.963876",OpenStreetMap (actual road)
Western,B-425,Tudella - Pamunugama - Thalahena - Negombo,Inundated,10,7.174095985412181,79.86381191643692,18,7.209384,79.833134,"https://www.google.com/maps/dir/7.174096,79.863812/7.209384,79.833134",OSRM routing (may not follow exact road)
Western,B-226,Kirindawita - Ganemulla Road,Inundated,0,7.0823093,79.9697282,1,7.074493582776012,79.96636758690535,"https://www.google.com/maps/dir/7.082309,79.969728/7.074494,79.966368",OpenStreetMap (actual road)
Western,B-152,Mattakkuliya - Uswetakeiyawa - Pinwatta Road,Inundated,3.5,6.989314591783527,79.87329608644934,4,6.984897472275437,79.87426131718891,"https://www.google.com/maps/dir/6.989315,79.873296/6.984897,79.874261",OpenStreetMap (actual road)
Western,B 426,Thunmodara - Puwakpitiya Road,Inundated,3.5,6.891380413689789,80.17298341981179,3.6,6.892276692959654,80.17302324118089,"https://www.google.com/maps/dir/6.891380,80.172983/6.892277,80.173023",OpenStreetMap (actual road)
Western,AB 007,Avissawella - Hatton - Nuwara Eliya Road,Inundated,0.6,6.648947930873014,80.70149897045883,0.7,6.649848213805587,80.70158356552488,"https://www.google.com/maps/dir/6.648948,80.701499/6.649848,80.701584",OpenStreetMap (actual road)
Western,AB 010,Colombo - Hanwella Road,Landslide,19,6.9361497751912795,79.97622323723482,19.1,6.93596263571509,79.97710853632294,"https://www.google.com/maps/dir/6.936150,79.976223/6.935963,79.977109",OpenStreetMap (actual road)
Western,AB 010,Colombo - Hanwella Road,Inundated,19,6.9361497751912795,79.97622323723482,19.1,6.93596263571509,79.97710853632294,"https://www.google.com/maps/dir/6.936150,79.976223/6.935963,79.977109",OpenStreetMap (actual road)
Western,AB 010,Colombo - Hanwella Road,Inundated,11.3,6.950559514857805,79.90805520744992,11.55,6.950091666167333,79.91026845517021,"https://www.google.com/maps/dir/6.950560,79.908055/6.950092,79.910268",OpenStreetMap (actual road)
Western,AB 010,Colombo - Hanwella Road,Inundated,13,6.947378143762598,79.92310529194789,13.55,6.946348876643561,79.92797443693253,"https://www.google.com/maps/dir/6.947378,79.923105/6.946349,79.927974",OpenStreetMap (actual road)
Western,AB 010,Colombo - Hanwella Road,Inundated,8.55,6.9557058504529925,79.88370948252674,8.65,6.955518710976804,79.88459478161485,"https://www.google.com/maps/dir/6.955706,79.883709/6.955519,79.884595",OpenStreetMap (actual road)
Western,AB 010,Colombo - Hanwella Road,Inundated,5.3,6.949351766964029,79.89990238558453,5.4,6.949570050346779,79.89902423039574,"https://www.google.com/maps/dir/6.949352,79.899902/6.949570,79.899024",OpenStreetMap (actual road)
Western,AB 010,Colombo - Hanwella Road,Inundated,2.3,6.943054859310045,79.92627918856532,2.4,6.943152186824733,79.92538107860737,"https://www.google.com/maps/dir/6.943055,79.926279/6.943152,79.925381",OpenStreetMap (actual road)
Western,AB 010,Colombo - Hanwella Road,Inundated,0.25,6.937998273550333,79.94303798669223,0.9,6.941056261490461,79.93807427271948,"https://www.google.com/maps/dir/6.937998,79.943038/6.941056,79.938074",OpenStreetMap (actual road)
Western,B 214,Kelaniya - Mudungoda Road,Inundated,4,7.0466123111127725,79.99356895095552,29,6.944333819749663,79.96633879493177,"https://www.google.com/maps/dir/7.046612,79.993569/6.944334,79.966339",OpenStreetMap (actual road)
Western (54),B 254,Mabima - Sapugaskanda Road,Inundated,0,6.967339,79.9611849,1,6.960911468976061,79.9650282247839,"https://www.google.com/maps/dir/6.967339,79.961185/6.960911,79.965028",OpenStreetMap (actual road)
Western (54),B 288,Minuwangoda - Gampaha - Miriswatta Road,Inundated,9,7.101431507841305,79.99124265526072,10,7.109911566203219,79.988100375186,"https://www.google.com/maps/dir/7.101432,79.991243/7.109912,79.988100",OpenStreetMap (actual road)
Western (54),B 460,Wattala - Mahara Road,Inundated,6,6.9894163886609295,79.92977561496124,6.2,6.989108973066888,79.9279919701583,"https://www.google.com/maps/dir/6.989416,79.929776/6.989109,79.927992",OpenStreetMap (actual road)
Western (54),B 111,Ekala - Kotadeniyawa Road,Inundated,9,7.167117883493376,79.94729252433909,9.2,7.168804830413186,79.94793559275782,"https://www.google.com/maps/dir/7.167118,79.947293/7.168805,79.947936",OSRM routing (may not follow exact road)
Western (54),B 632,Sapugaskanda Repair Junction - Biyagama Zone,Inundated,5.8,6.96129365851523,80.00311499486858,6.2,6.961979162956049,80.00663471480719,"https://www.google.com/maps/dir/6.961294,80.003115/6.961979,80.006635",OpenStreetMap (actual road)
Western (54),B 215,Kelaniya - Waragoda Road,Inundated,2.8,6.960461247100364,79.90220756243896,2.9,6.961266633018406,79.90179909615117,"https://www.google.com/maps/dir/6.960461,79.902208/6.961267,79.901799",OSRM routing (may not follow exact road)
Western (54),B 322,Negombo - Giriulla Road,Inundated,2.8,7.227703460805724,79.86757987732766,5,7.238752026614351,79.8832331832229,"https://www.google.com/maps/dir/7.227703,79.867580/7.238752,79.883233",OpenStreetMap (actual road)
Western (54),B 322,Negombo - Giriulla Road,By-road of 25/1 bridge project washed away due to heavy rain,24.9,7.281510147812308,80.04590081534813,25,7.281486060406078,80.04680606565972,"https://www.google.com/maps/dir/7.281510,80.045901/7.281486,80.046806",OpenStreetMap (actual road)
Western (54),B 324,Negombo - Mirigama Road,Inundated,7,7.2244116993495915,79.92616572247053,12,7.224615090452636,79.97143807187577,"https://www.google.com/maps/dir/7.224412,79.926166/7.224615,79.971438",OpenStreetMap (actual road)
Western (54),AB 029,Pasyala - Giriulla Road,Inundated,4,7.199119552931307,80.11139110324672,4.1,7.2000086921280895,80.11123002039821,"https://www.google.com/maps/dir/7.199120,80.111391/7.200009,80.111230",OSRM routing (may not follow exact road)
Western (54),B 445,Veyangoda - Ruwanwella Road,Inundated,0,7.0903842,80.1712695,14,7.057380061193962,80.23319564663096,"https://www.google.com/maps/dir/7.090384,80.171269/7.057380,80.233196",OpenStreetMap (actual road)
Western (54),B 012,Athgama - Veyangoda Road,Inundated,0,25.325477,87.000049,5,25.302404445165685,87.02678599044636,"https://www.google.com/maps/dir/25.325477,87.000049/25.302404,87.026786",OSRM routing (may not follow exact road)
Western (54),B 169,Kadawatha - Mawaramandiya Road,Inundated,1.1,6.9867218979733625,79.9722862959168,1.5,6.987008457735495,79.972012038702,"https://www.google.com/maps/dir/6.986722,79.972286/6.987008,79.972012",OpenStreetMap (actual road)
Western (54),B-323,Negombo - Kadirana Road,Inundated,1,7.207159515343405,79.84045065218481,2,7.205787521823518,79.84939630738869,"https://www.google.com/maps/dir/7.207160,79.840451/7.205788,79.849396",OSRM routing (may not follow exact road)
Western (54),B-321,Negombo - Aluthpola Road,Inundated,1,7.207751988274918,79.89964785186986,4,7.204162707551127,79.87302766487092,"https://www.google.com/maps/dir/7.207752,79.899648/7.204163,79.873028",OpenStreetMap (actual road)
Western (54),B 179,Kalugedihena - Veyangoda Road,Inundated,2,7.135563484546763,80.06134194350031,4,7.153040246428857,80.06015740362098,"https://www.google.com/maps/dir/7.135563,80.061342/7.153040,80.060157",OpenStreetMap (actual road)
Western (54),B 108,Danagaha - Thilpanagoda Road,Inundated,0.1,7.230677506967284,79.97134983572244,0.2,7.229773513563486,79.97137035517281,"https://www.google.com/maps/dir/7.230678,79.971350/7.229774,79.971370",OpenStreetMap (actual road)
Western (54),B 271,Maradagahamula - Badalgama Road,Inundated,3.8,7.258997996931172,79.99624359081704,4.2,7.262440305136278,79.99584944770463,"https://www.google.com/maps/dir/7.258998,79.996244/7.262440,79.995849",OpenStreetMap (actual road)
Western (54),B-289,Minuwangoda - Miriswatta - Katana Road,Inundated,6,7.221378205299222,79.91429649308895,9,7.202774174050078,79.92864958588054,"https://www.google.com/maps/dir/7.221378,79.914296/7.202774,79.928650",OpenStreetMap (actual road)
Western (54),A 004,Colombo - Ratnapura - Wellawaya - Batticaloa,Inundated,52.3,6.8892399,81.6933511,52.4,6.8892399,81.6933511,"https://www.google.com/maps/dir/6.889240,81.693351/6.889240,81.693351",OpenStreetMap (actual road)
Western (54),B 644,Kosgashandiya - Angoda - Kotikawatta Road,Inundated,0,6.9164236,79.923699,0.2,6.918185586768181,79.92378360825661,"https://www.google.com/maps/dir/6.916424,79.923699/6.918186,79.923784",OpenStreetMap (actual road)
Western (54),B 469,Welikada - Kohilawatta Road,Inundated,3.8,6.9189490422404045,79.91043210101954,4.3,6.915242210764939,79.90784178538547,"https://www.google.com/maps/dir/6.918949,79.910432/6.915242,79.907842",OpenStreetMap (actual road)
Western (54),B 174,Kaduwela - Athurugiriya Road,Inundated,0.4,6.928750546354925,79.99619805611742,0.5,6.9281255458455915,79.99683082519,"https://www.google.com/maps/dir/6.928751,79.996198/6.928126,79.996831",OpenStreetMap (actual road)
Western (54),B 188,Kaluaggala - Labugama Road,Inundated,3,6.9048817515583485,80.12129094840306,3.2,6.904144499058355,80.12293096845382,"https://www.google.com/maps/dir/6.904882,80.121291/6.904144,80.122931",OpenStreetMap (actual road)
